{"cameraMode":{"drawMode":0,"name":"Shaded","section":"Shading Mode"},"sceneLighting":false,"audioPlay":false,"sceneViewState":{"showFog":true,"showMaterialUpdate":false,"showSkybox":true,"showFlares":true,"showImageEffects":true,"showParticleSystems":true},"in2DMode":false,"pivot":{"x":-10.987504005432129,"y":-5.316190719604492,"z":7.121435165405273},"rotation":{"x":-0.013622227124869824,"y":0.984240710735321,"z":-0.08764044940471649,"w":-0.15298348665237428},"size":3.7307870388031008,"orthographic":false}